{
  "A": {
    "FGSM": [
      0.5441013460015836,
      0.4273950910530483,
      0.3382422802850356,
      0.2528899445764054,
      0.17735550277117973,
      0.11599366587490102
    ],
    "PGD": [
      0.5486144101346001,
      0.23966745843230403,
      0.1421219319081552,
      0.10673000791765637,
      0.09002375296912114,
      0.07403008709422011
    ],
    "MIM": [
      0.5476642913697546,
      0.23927157561361836,
      0.143784639746635,
      0.11140142517814727,
      0.09445764053840064,
      0.08566904196357879
    ]
  },
  "B": {
    "FGSM": [
      0.5176563737133808,
      0.3994457640538401,
      0.3086302454473476,
      0.24370546318289787,
      0.1728424386381631,
      0.11068883610451306
    ],
    "PGD": [
      0.5215360253365003,
      0.21401425178147268,
      0.1376880443388757,
      0.11892319873317499,
      0.10720506730007917,
      0.09184481393507522
    ],
    "MIM": [
      0.5221694378463975,
      0.21179730799683294,
      0.13531274742676166,
      0.12335708630245447,
      0.11892319873317499,
      0.1182897862232779
    ]
  },
  "C": {
    "FGSM": [
      0.9395882818685669,
      0.8288994457640538,
      0.6369754552652415,
      0.46587490102929535,
      0.33048297703879653,
      0.22707838479809977
    ],
    "PGD": [
      0.9403008709422012,
      0.819556611243072,
      0.6304829770387965,
      0.5164687252573238,
      0.4293745051464766,
      0.3405384006334125
    ],
    "MIM": [
      0.9394299287410927,
      0.8129057798891528,
      0.6020585906571655,
      0.48068091844813937,
      0.3975455265241489,
      0.3228028503562945
    ]
  },
  "D": {
    "FGSM": [
      0.9335708630245447,
      0.8661124307205067,
      0.739034045922407,
      0.6182897862232779,
      0.4981789390340459,
      0.3839271575613618
    ],
    "PGD": [
      0.933729216152019,
      0.8496437054631829,
      0.7326207442596991,
      0.6330958036421219,
      0.5506730007917656,
      0.47220902612826604
    ],
    "MIM": [
      0.9338083927157561,
      0.8401425178147268,
      0.7197941409342834,
      0.6200316706254948,
      0.5357086302454473,
      0.4546318289786223
    ]
  },
  "E": {
    "FGSM": [
      0.9183689627870151,
      0.4054631828978622,
      0.1543942992874109,
      0.05170229612034838,
      0.025653206650831355,
      0.0168646080760095
    ],
    "PGD": [
      0.9186856690419636,
      0.37513855898653997,
      0.19501187648456056,
      0.11805225653206651,
      0.08107680126682502,
      0.060807600950118765
    ],
    "MIM": [
      0.9211401425178147,
      0.3628661916072842,
      0.17292161520190025,
      0.09113222486144101,
      0.05344418052256532,
      0.03824228028503563
    ]
  },
  "F": {
    "FGSM": [
      0.3843230403800475,
      0.2716547901821061,
      0.20126682501979415,
      0.1463974663499604,
      0.10926365795724466,
      0.07838479809976247
    ],
    "PGD": [
      0.38558986539984164,
      0.1653206650831354,
      0.13317498020585908,
      0.11298495645288995,
      0.0953285827395091,
      0.07949326999208234
    ],
    "MIM": [
      0.3908155186064925,
      0.1625494853523357,
      0.13119556611243072,
      0.11551860649247822,
      0.1070467141726049,
      0.10015835312747427
    ]
  },
  "G": {
    "FGSM": [
      0.4878859857482185,
      0.39176563737133807,
      0.2977830562153603,
      0.23079968329374506,
      0.16896278701504355,
      0.10870942201108472
    ],
    "PGD": [
      0.489944576405384,
      0.20791765637371337,
      0.1187648456057007,
      0.09445764053840064,
      0.08329374505146477,
      0.07220902612826603
    ],
    "MIM": [
      0.48812351543942994,
      0.2095803642121932,
      0.12042755344418052,
      0.1021377672209026,
      0.0962787015043547,
      0.09121140142517815
    ]
  }
}
